ID,name,course
11111111-1111-1111-1111-111111111001,Arun,SAP CAPM
11111111-1111-1111-1111-111111111002,Abi,SAP UI5
11111111-1111-1111-1111-111111111003,Ram,BTP Security
11111111-1111-1111-1111-111111111004,Prasanth,SAP Fiori
11111111-1111-1111-1111-111111111005,Krish,SAP BTP
11111111-1111-1111-1111-111111111006,Vijay,SAP ABAP
11111111-1111-1111-1111-111111111007,Kavin,SAP CPI
11111111-1111-1111-1111-111111111008,Suresh,SAP Analytics
11111111-1111-1111-1111-111111111009,Mohan,SAP CAPM
11111111-1111-1111-1111-111111111010,Ritik,SAP UI5
